{
  "clickbench/query/q00": 417613.4757936508,
  "clickbench/query/q01": 396375.6051587302,
  "clickbench/query/q02": 451633.84810126584,
  "clickbench/query/q03": 445683.2732142857,
  "clickbench/query/q04": 447170.76230661036,
  "clickbench/query/q05": 446409.1421875,
  "clickbench/query/q06": 449642.7310126582,
  "clickbench/query/q07": 404923.4170013387,
  "clickbench/query/q08": 496888.5357142857,
  "clickbench/query/q09": 513671.106,
  "clickbench/query/q10": 485880.9735930736,
  "clickbench/query/q11": 491714.2976190476,
  "clickbench/query/q12": 474183.7596153846,
  "clickbench/query/q13": 477104.09038461535,
  "clickbench/query/q14": 479484.6746794871,
  "clickbench/query/q15": 509350.3357142857,
  "clickbench/query/q16": 534698.8231981982,
  "clickbench/query/q17": 531252.9898648649,
  "clickbench/query/q18": 541404.1199324324,
  "clickbench/query/q19": 362796.2052325582,
  "clickbench/query/q20": 460892.1417721519,
  "clickbench/query/q21": 497376.8428571429,
  "clickbench/query/q22": 447462.9125,
  "clickbench/query/q23": 488309.3474025974,
  "clickbench/query/q24": 372129.90352941176,
  "clickbench/query/q25": 371014.871124031,
  "clickbench/query/q26": 373725.5539915966,
  "clickbench/query/q27": 502389.8263157895,
  "clickbench/query/q28": 512293.26694444445,
  "clickbench/query/q29": 536806.0900900901,
  "clickbench/query/q30": 500152.69934210525,
  "clickbench/query/q31": 525253.4716666667,
  "clickbench/query/q32": 522936.1122222222,
  "clickbench/query/q33": 531508.6171814671,
  "clickbench/query/q34": 498818.3814935065,
  "clickbench/query/q35": 515116.2183333333,
  "clickbench/query/q36": 523120.85733333335,
  "clickbench/query/q37": 497367.68256578944,
  "clickbench/query/q38": 496967.1582792208,
  "clickbench/query/q39": 474844.58974358975,
  "clickbench/query/q40": 512236.985,
  "clickbench/query/q41": 538951.0659990348,
  "clickbench/query/q42": 529294.4442567568,
  "clickbench_load": 696017.0907608696,
  "tpch/query/q01": 269951.1777504105,
  "tpch/query/q02": 259986.46568627452,
  "tpch/query/q03": 429685.7967342342,
  "tpch/query/q04": 1155083.5070921986,
  "tpch/query/q05": 739438.2779661017,
  "tpch/query/q06": 182264.4769021739,
  "tpch/query/q07": 1874968.9466386554,
  "tpch/query/q08": 1329948.5145348837,
  "tpch/query/q09": 1292297.5272727273,
  "tpch/query/q10": 854338.7702272728,
  "tpch/query/q11": 826596.1785714286,
  "tpch/query/q12": 718213.9047222221,
  "tpch/query/q13": 537088.9394607843,
  "tpch/query/q14": 285287.4092369478,
  "tpch/query/q15": 297445.5514905149,
  "tpch/query/q16": 352085.63183760684,
  "tpch/query/q17": 1225838.2000000002,
  "tpch/query/q18": 3965647.704887218,
  "tpch/query/q19": 1525470.9692307692,
  "tpch/query/q20": 302217.0365853659,
  "tpch/query/q21": 910436.8663522012,
  "tpch/query/q22": 388059.14440321585,
  "tpch_load": 812621.4932839912
}