{
  "clickbench/query/q00": 862794.8907407408,
  "clickbench/query/q01": 800661.5099378882,
  "clickbench/query/q02": 901375.1957070706,
  "clickbench/query/q03": 893253.2840909091,
  "clickbench/query/q04": 893142.9988636364,
  "clickbench/query/q05": 895684.1171428572,
  "clickbench/query/q06": 898907.9841720778,
  "clickbench/query/q07": 814860.365942029,
  "clickbench/query/q08": 986070.8352159469,
  "clickbench/query/q09": 1007112.044642857,
  "clickbench/query/q10": 970344.1290697674,
  "clickbench/query/q11": 977880.5688953488,
  "clickbench/query/q12": 942970.5949612403,
  "clickbench/query/q13": 948882.3878737541,
  "clickbench/query/q14": 950675.5542635659,
  "clickbench/query/q15": 1008933.3448129252,
  "clickbench/query/q16": 1049224.4279907085,
  "clickbench/query/q17": 1042010.8455284552,
  "clickbench/query/q18": 1057745.581707317,
  "clickbench/query/q19": 734163.7520833333,
  "clickbench/query/q20": 917889.5170454546,
  "clickbench/query/q21": 980686.8829365079,
  "clickbench/query/q22": 886973.3485185185,
  "clickbench/query/q23": 932691.3295454546,
  "clickbench/query/q24": 751767.253125,
  "clickbench/query/q25": 750348.5663690476,
  "clickbench/query/q26": 754119.8799054374,
  "clickbench/query/q27": 996042.5615079366,
  "clickbench/query/q28": 1007264.518452381,
  "clickbench/query/q29": 1051327.1524390243,
  "clickbench/query/q30": 988518.7936507936,
  "clickbench/query/q31": 1030811.7936507936,
  "clickbench/query/q32": 1027822.2172619047,
  "clickbench/query/q33": 1041149.9032520325,
  "clickbench/query/q34": 984505.4616402116,
  "clickbench/query/q35": 1014319.6530612245,
  "clickbench/query/q36": 1030002.2721088436,
  "clickbench/query/q37": 987098.6091269841,
  "clickbench/query/q38": 981409.4399224806,
  "clickbench/query/q39": 941925.2144933555,
  "clickbench/query/q40": 1001647.75,
  "clickbench/query/q41": 1051237.9973867596,
  "clickbench/query/q42": 1034543.8735119049,
  "clickbench_load": 1183694.408266129,
  "tpch/query/q01": 534078.4817708333,
  "tpch/query/q02": 503555.9427083333,
  "tpch/query/q03": 834233.8460365853,
  "tpch/query/q04": 2372919.585,
  "tpch/query/q05": 1459497.42578125,
  "tpch/query/q06": 379704.8685897436,
  "tpch/query/q07": 3963294.3382352944,
  "tpch/query/q08": 2802372.1619318184,
  "tpch/query/q09": 2727837.555871212,
  "tpch/query/q10": 1716683.411111111,
  "tpch/query/q11": 1710974.3905555555,
  "tpch/query/q12": 1494819.40625,
  "tpch/query/q13": 1036257.0712719299,
  "tpch/query/q14": 562742.2641843972,
  "tpch/query/q15": 585343.3295807454,
  "tpch/query/q16": 744284.5155038759,
  "tpch/query/q17": 2554551.047204969,
  "tpch/query/q18": 7983955.615079365,
  "tpch/query/q19": 3399246.73245614,
  "tpch/query/q20": 630513.6005555555,
  "tpch/query/q21": 1846013.2053571427,
  "tpch/query/q22": 757966.3417774086,
  "tpch_load": 1395810.4166666667
}